-- add user
insert into user (username, password, is_delete) values ('vkunkel0', '$2a$10$pZNW3zOtmMXwvWeWmRZYxeSbhRKvZE20dxWKQIX2SGlOTXKCBGfJC', 0);
insert into user (username, password, is_delete) values ('ppulley1', '$2a$10$pZNW3zOtmMXwvWeWmRZYxeSbhRKvZE20dxWKQIX2SGlOTXKCBGfJC', 0);
insert into user (username, password, is_delete) values ('wkleinhausen2', '$2a$10$pZNW3zOtmMXwvWeWmRZYxeSbhRKvZE20dxWKQIX2SGlOTXKCBGfJC', 0);
insert into user (username, password, is_delete) values ('idoick3', '$2a$10$pZNW3zOtmMXwvWeWmRZYxeSbhRKvZE20dxWKQIX2SGlOTXKCBGfJC', 0);
insert into user (username, password, is_delete) values ('rpalin4', '$2a$10$pZNW3zOtmMXwvWeWmRZYxeSbhRKvZE20dxWKQIX2SGlOTXKCBGfJC', 0);
insert into user (username, password, is_delete) values ('lgillebride5', '$2a$10$pZNW3zOtmMXwvWeWmRZYxeSbhRKvZE20dxWKQIX2SGlOTXKCBGfJC', 0);
insert into user (username, password, is_delete) values ('rskylett6', '$2a$10$pZNW3zOtmMXwvWeWmRZYxeSbhRKvZE20dxWKQIX2SGlOTXKCBGfJC', 0);
insert into user (username, password, is_delete) values ('lgrossman7', '$2a$10$pZNW3zOtmMXwvWeWmRZYxeSbhRKvZE20dxWKQIX2SGlOTXKCBGfJC', 0);
insert into user (username, password, is_delete) values ('ralbro8', '$2a$10$pZNW3zOtmMXwvWeWmRZYxeSbhRKvZE20dxWKQIX2SGlOTXKCBGfJC', 0);
insert into user (username, password, is_delete) values ('jtwyford9', '$2a$10$pZNW3zOtmMXwvWeWmRZYxeSbhRKvZE20dxWKQIX2SGlOTXKCBGfJC', 0);
insert into user (username, password, is_delete) values ('groberdsa', '$2a$10$pZNW3zOtmMXwvWeWmRZYxeSbhRKvZE20dxWKQIX2SGlOTXKCBGfJC', 0);
insert into user (username, password, is_delete) values ('zolliffb', '$2a$10$pZNW3zOtmMXwvWeWmRZYxeSbhRKvZE20dxWKQIX2SGlOTXKCBGfJC', 0);
insert into user (username, password, is_delete) values ('ldaykinc', '$2a$10$pZNW3zOtmMXwvWeWmRZYxeSbhRKvZE20dxWKQIX2SGlOTXKCBGfJC', 0);
insert into user (username, password, is_delete) values ('cstanyardd', '$2a$10$pZNW3zOtmMXwvWeWmRZYxeSbhRKvZE20dxWKQIX2SGlOTXKCBGfJC', 0);
insert into user (username, password, is_delete) values ('scoatene', '$2a$10$pZNW3zOtmMXwvWeWmRZYxeSbhRKvZE20dxWKQIX2SGlOTXKCBGfJC', 0);
insert into user (username, password, is_delete) values ('dbretonf', '$2a$10$pZNW3zOtmMXwvWeWmRZYxeSbhRKvZE20dxWKQIX2SGlOTXKCBGfJC', 0);
insert into user (username, password, is_delete) values ('abristog', '$2a$10$pZNW3zOtmMXwvWeWmRZYxeSbhRKvZE20dxWKQIX2SGlOTXKCBGfJC', 0);
insert into user (username, password, is_delete) values ('kmacallisterh', '$2a$10$pZNW3zOtmMXwvWeWmRZYxeSbhRKvZE20dxWKQIX2SGlOTXKCBGfJC', 0);
insert into user (username, password, is_delete) values ('wforthi', '$2a$10$pZNW3zOtmMXwvWeWmRZYxeSbhRKvZE20dxWKQIX2SGlOTXKCBGfJC', 0);
insert into user (username, password, is_delete) values ('jpitcaithlyj', '$2a$10$pZNW3zOtmMXwvWeWmRZYxeSbhRKvZE20dxWKQIX2SGlOTXKCBGfJC', 0);
insert into user (username, password, is_delete) values ('ljoustk', '$2a$10$pZNW3zOtmMXwvWeWmRZYxeSbhRKvZE20dxWKQIX2SGlOTXKCBGfJC', 0);
insert into user (username, password, is_delete) values ('rdavsonl', '$2a$10$pZNW3zOtmMXwvWeWmRZYxeSbhRKvZE20dxWKQIX2SGlOTXKCBGfJC', 0);
insert into user (username, password, is_delete) values ('admin', '$2a$10$pZNW3zOtmMXwvWeWmRZYxeSbhRKvZE20dxWKQIX2SGlOTXKCBGfJC', 0);
insert into user (username, password, is_delete) values ('rlomazn', '$2a$10$pZNW3zOtmMXwvWeWmRZYxeSbhRKvZE20dxWKQIX2SGlOTXKCBGfJC', 0);
insert into user (username, password, is_delete) values ('ssauvano', '$2a$10$pZNW3zOtmMXwvWeWmRZYxeSbhRKvZE20dxWKQIX2SGlOTXKCBGfJC', 0);
insert into user (username, password, is_delete) values ('customer', '$2a$10$pZNW3zOtmMXwvWeWmRZYxeSbhRKvZE20dxWKQIX2SGlOTXKCBGfJC', 0);
insert into user (username, password, is_delete) values ('thradskyq', '$2a$10$pZNW3zOtmMXwvWeWmRZYxeSbhRKvZE20dxWKQIX2SGlOTXKCBGfJC', 0);
insert into user (username, password, is_delete) values ('dcherrettr', '$2a$10$pZNW3zOtmMXwvWeWmRZYxeSbhRKvZE20dxWKQIX2SGlOTXKCBGfJC', 0);
insert into user (username, password, is_delete) values ('pbisleys', '$2a$10$pZNW3zOtmMXwvWeWmRZYxeSbhRKvZE20dxWKQIX2SGlOTXKCBGfJC', 0);
insert into user (username, password, is_delete) values ('elockett', '$2a$10$pZNW3zOtmMXwvWeWmRZYxeSbhRKvZE20dxWKQIX2SGlOTXKCBGfJC', 0);
insert into user (username, password, is_delete) values ('addmin', '$2a$10$pZNW3zOtmMXwvWeWmRZYxeSbhRKvZE20dxWKQIX2SGlOTXKCBGfJC', 0);
insert into user (username, password, is_delete) values ('mclarson0', '$2a$10$pZNW3zOtmMXwvWeWmRZYxeSbhRKvZE20dxWKQIX2SGlOTXKCBGfJC', 0);
insert into user (username, password, is_delete) values ('chancell1', '$2a$10$pZNW3zOtmMXwvWeWmRZYxeSbhRKvZE20dxWKQIX2SGlOTXKCBGfJC', 0);
insert into user (username, password, is_delete) values ('dranscome2', '$2a$10$pZNW3zOtmMXwvWeWmRZYxeSbhRKvZE20dxWKQIX2SGlOTXKCBGfJC', 0);
insert into user (username, password, is_delete) values ('tromeo3', '$2a$10$pZNW3zOtmMXwvWeWmRZYxeSbhRKvZE20dxWKQIX2SGlOTXKCBGfJC', 0);
insert into user (username, password, is_delete) values ('cpulman4', '$2a$10$pZNW3zOtmMXwvWeWmRZYxeSbhRKvZE20dxWKQIX2SGlOTXKCBGfJC', 0);
insert into user (username, password, is_delete) values ('mtorel5', '$2a$10$pZNW3zOtmMXwvWeWmRZYxeSbhRKvZE20dxWKQIX2SGlOTXKCBGfJC', 0);
insert into user (username, password, is_delete) values ('iyeats6', '$2a$10$pZNW3zOtmMXwvWeWmRZYxeSbhRKvZE20dxWKQIX2SGlOTXKCBGfJC', 0);
insert into user (username, password, is_delete) values ('ehevner7', '$2a$10$pZNW3zOtmMXwvWeWmRZYxeSbhRKvZE20dxWKQIX2SGlOTXKCBGfJC', 0);
insert into user (username, password, is_delete) values ('phover8', '$2a$10$pZNW3zOtmMXwvWeWmRZYxeSbhRKvZE20dxWKQIX2SGlOTXKCBGfJC', 0);
insert into user (username, password, is_delete) values ('sbirrel9', '$2a$10$pZNW3zOtmMXwvWeWmRZYxeSbhRKvZE20dxWKQIX2SGlOTXKCBGfJC', 0);
insert into user (username, password, is_delete) values ('ckoenea', '$2a$10$pZNW3zOtmMXwvWeWmRZYxeSbhRKvZE20dxWKQIX2SGlOTXKCBGfJC', 0);
insert into user (username, password, is_delete) values ('epaneb', '$2a$10$pZNW3zOtmMXwvWeWmRZYxeSbhRKvZE20dxWKQIX2SGlOTXKCBGfJC', 0);
insert into user (username, password, is_delete) values ('pgreggersenc', '$2a$10$pZNW3zOtmMXwvWeWmRZYxeSbhRKvZE20dxWKQIX2SGlOTXKCBGfJC', 0);
insert into user (username, password, is_delete) values ('ipottesd', '$2a$10$pZNW3zOtmMXwvWeWmRZYxeSbhRKvZE20dxWKQIX2SGlOTXKCBGfJC', 0);
insert into user (username, password, is_delete) values ('gsheepye', '$2a$10$pZNW3zOtmMXwvWeWmRZYxeSbhRKvZE20dxWKQIX2SGlOTXKCBGfJC', 0);
insert into user (username, password, is_delete) values ('wstrangwoodf', '$2a$10$pZNW3zOtmMXwvWeWmRZYxeSbhRKvZE20dxWKQIX2SGlOTXKCBGfJC', 0);
insert into user (username, password, is_delete) values ('gbarriballg', '$2a$10$pZNW3zOtmMXwvWeWmRZYxeSbhRKvZE20dxWKQIX2SGlOTXKCBGfJC', 0);
insert into user (username, password, is_delete) values ('ssodorh', '$2a$10$pZNW3zOtmMXwvWeWmRZYxeSbhRKvZE20dxWKQIX2SGlOTXKCBGfJC', 0);
insert into user (username, password, is_delete) values ('tchapplei', '$2a$10$pZNW3zOtmMXwvWeWmRZYxeSbhRKvZE20dxWKQIX2SGlOTXKCBGfJC', 0);
insert into user (username, password, is_delete) values ('abranchflowerj', '$2a$10$pZNW3zOtmMXwvWeWmRZYxeSbhRKvZE20dxWKQIX2SGlOTXKCBGfJC', 0);
insert into user (username, password, is_delete) values ('gabyssk', '$2a$10$pZNW3zOtmMXwvWeWmRZYxeSbhRKvZE20dxWKQIX2SGlOTXKCBGfJC', 0);
insert into user (username, password, is_delete) values ('wdanneill', '$2a$10$pZNW3zOtmMXwvWeWmRZYxeSbhRKvZE20dxWKQIX2SGlOTXKCBGfJC', 0);
insert into user (username, password, is_delete) values ('fgyurkom', '$2a$10$pZNW3zOtmMXwvWeWmRZYxeSbhRKvZE20dxWKQIX2SGlOTXKCBGfJC', 0);
insert into user (username, password, is_delete) values ('dmillardn', '$2a$10$pZNW3zOtmMXwvWeWmRZYxeSbhRKvZE20dxWKQIX2SGlOTXKCBGfJC', 0);
insert into user (username, password, is_delete) values ('daspinalo', '$2a$10$pZNW3zOtmMXwvWeWmRZYxeSbhRKvZE20dxWKQIX2SGlOTXKCBGfJC', 0);
insert into user (username, password, is_delete) values ('kduftonp', '$2a$10$pZNW3zOtmMXwvWeWmRZYxeSbhRKvZE20dxWKQIX2SGlOTXKCBGfJC', 0);
insert into user (username, password, is_delete) values ('cwilkensonq', '$2a$10$pZNW3zOtmMXwvWeWmRZYxeSbhRKvZE20dxWKQIX2SGlOTXKCBGfJC', 0);
insert into user (username, password, is_delete) values ('cmatteottir', '$2a$10$pZNW3zOtmMXwvWeWmRZYxeSbhRKvZE20dxWKQIX2SGlOTXKCBGfJC', 0);
insert into user (username, password, is_delete) values ('employee', '$2a$10$pZNW3zOtmMXwvWeWmRZYxeSbhRKvZE20dxWKQIX2SGlOTXKCBGfJC', 0);
insert into user (username, password, is_delete) values ('cquinceet', '$2a$10$pZNW3zOtmMXwvWeWmRZYxeSbhRKvZE20dxWKQIX2SGlOTXKCBGfJC', 0);

insert into customer_type(id, name, is_delete) values(1, 'VIP', 0);
insert into customer_type(id, name, is_delete) values(2, 'Gold', 0);
insert into customer_type(id, name, is_delete) values(3, 'Silver', 0);
insert into customer_type(id, name, is_delete) values(4, 'Member', 0);

-- add customer
insert into customer (id, name, gender, email, address, phone_number, username, id_card, day_of_birth, customer_type_id, is_delete) values (1, 'Barnie Boscher', 2, 'bboscher0@vistaprint.com', '5', '0909850091', 'abristog', '578856430', '1981-05-22', 1, 0);
insert into customer (id, name, gender, email, address, phone_number, username, id_card, day_of_birth, customer_type_id, is_delete) values (2, 'Smith Pattisson', 0, 'spattisson1@unesco.org', '2', '0909389535', 'addmin', '008204972', '1999-02-01', 2, 0);
insert into customer (id, name, gender, email, address, phone_number, username, id_card, day_of_birth, customer_type_id, is_delete) values (3, 'Ruthanne Puckham', 1, 'rpuckham2@samsung.com', '37935', '0904179229', 'abranchflowerj', '623454746', '1985-04-16', 3, 0);
insert into customer (id, name, gender, email, address, phone_number, username, id_card, day_of_birth, customer_type_id, is_delete) values (4, 'Dael Philippsohn', 2, 'dphilippsohn3@wiley.com', '00617', '0902545816', 'cstanyardd', '085658315', '2001-05-23', 4, 0);
insert into customer (id, name, gender, email, address, phone_number, username, id_card, day_of_birth, customer_type_id, is_delete) values (5, 'Tasia Heyball', 0, 'theyball4@army.mil', '5', '0904269448', 'customer', '187876649', '1984-08-01', 1, 0);
insert into customer (id, name, gender, email, address, phone_number, username, id_card, day_of_birth, customer_type_id, is_delete) values (6, 'Dalila Blindt', 0, 'dblindt5@yellowbook.com', '99', '0906017553', 'dbretonf', '589646621', '1999-01-13', 4, 0);
insert into customer (id, name, gender, email, address, phone_number, username, id_card, day_of_birth, customer_type_id, is_delete) values (7, 'Kain Staves', 2, 'kstaves6@loc.gov', '5', '0905355065', 'dcherrettr', '881520441', '1994-02-12', 4,0);
insert into customer (id, name, gender, email, address, phone_number, username, id_card, day_of_birth, customer_type_id, is_delete) values (8, 'Dasya Giraudeau', 2, 'dgiraudeau7@gizmodo.com', '74582', '0908127322', 'elockett', '548151007', '1993-09-19', 1, 0);
insert into customer (id, name, gender, email, address, phone_number, username, id_card, day_of_birth, customer_type_id, is_delete) values (9, 'Alwin Guage', 1, 'aguage8@google.es', '874', '0907684254', 'groberdsa', '459178610', '1993-08-31', 2, 0);
insert into customer (id, name, gender, email, address, phone_number, username, id_card, day_of_birth, customer_type_id, is_delete) values (10, 'Peterus McNamee', 2, 'pmcnamee9@economist.com', '742', '0904645577', 'idoick3', '319644164', '1981-11-06', 2, 0);
insert into customer (id, name, gender, email, address, phone_number, username, id_card, day_of_birth, customer_type_id, is_delete) values (11, 'Olimpia Culbard', 1, 'oculbarda@biblegateway.com', '54', '0903958820', 'jpitcaithlyj', '217742362', '2004-09-21', 3, 0);
insert into customer (id, name, gender, email, address, phone_number, username, id_card, day_of_birth, customer_type_id, is_delete) values (12, 'Gael Boram', 1, 'gboramb@narod.ru', '87', '0900131745', 'jtwyford9', '153899725', '1988-09-21', 2, 0);
insert into customer (id, name, gender, email, address, phone_number, username, id_card, day_of_birth, customer_type_id, is_delete) values (13, 'Xylia Tabrett', 1, 'xtabrettc@skyrock.com', '34828', '0907705840', 'kmacallisterh', '876640657', '2000-02-24', 3, 0);
insert into customer (id, name, gender, email, address, phone_number, username, id_card, day_of_birth, customer_type_id, is_delete) values (14, 'Tabby Frapwell', 1, 'tfrapwelld@4shared.com', '76', '0900801599', 'ldaykinc', '086760931', '1988-10-15', 2, 0);
insert into customer (id, name, gender, email, address, phone_number, username, id_card, day_of_birth, customer_type_id, is_delete) values (15, 'Vance Wharmby', 2, 'vwharmbye@squarespace.com', '460', '0900874836', 'lgillebride5', '051920109', '1998-10-10', 1, 0);
insert into customer (id, name, gender, email, address, phone_number, username, id_card, day_of_birth, customer_type_id, is_delete) values (16, 'Clo Maryon', 2, 'cmaryonf@craigslist.org', '64', '0905128238', 'lgrossman7', '926846990', '1987-02-07', 1, 0);
insert into customer (id, name, gender, email, address, phone_number, username, id_card, day_of_birth, customer_type_id, is_delete) values (17, 'Iolanthe Trammel', 1, 'itrammelg@unblog.fr', '27574', '0909177227', 'ljoustk', '049697259', '1983-09-26', 1, 0);
insert into customer (id, name, gender, email, address, phone_number, username, id_card, day_of_birth, customer_type_id, is_delete) values (18, 'Winny Weigh', 0, 'wweighh@stumbleupon.com', '60', '0902997392', 'pbisleys', '394428330', '1995-05-24', 1, 0);
insert into customer (id, name, gender, email, address, phone_number, username, id_card, day_of_birth, customer_type_id, is_delete) values (19, 'Valida Stollsteiner', 0, 'vstollsteineri@1688.com', '268', '0905392315', 'ppulley1', '718482370', '2000-10-29', 1, 0);
insert into customer (id, name, gender, email, address, phone_number, username, id_card, day_of_birth, customer_type_id, is_delete) values (20, 'Elsworth Christoforou', 2, 'echristoforouj@webeden.co.uk', '05', '0902216030', 'ralbro8', '359284400', '2001-10-14', 1, 0);
insert into customer (id, name, gender, email, address, phone_number, username, id_card, day_of_birth, customer_type_id, is_delete) values (21, 'Elna Freathy', 0, 'efreathyk@ehow.com', '6', '0908195242', 'rdavsonl', '147745186', '1982-04-20', 2, 0);
insert into customer (id, name, gender, email, address, phone_number, username, id_card, day_of_birth, customer_type_id, is_delete) values (22, 'Baillie Alabastar', 1, 'balabastarl@godaddy.com', '96', '0909431690', 'rlomazn', '888399782', '1994-01-25', 3, 0);
insert into customer (id, name, gender, email, address, phone_number, username, id_card, day_of_birth, customer_type_id, is_delete) values (23, 'Saunder Timson', 0, 'stimsonm@oracle.com', '79856', '0904878157', 'rpalin4', '991125099', '1985-12-18', 3, 0);
insert into customer (id, name, gender, email, address, phone_number, username, id_card, day_of_birth, customer_type_id, is_delete) values (24, 'Roby Northwood', 1, 'rnorthwoodn@barnesandnoble.com', '3', '0903919091', 'rskylett6', '555051304', '1995-01-04', 3, 0);
insert into customer (id, name, gender, email, address, phone_number, username, id_card, day_of_birth, customer_type_id, is_delete) values (25, 'Nelle Ortells', 1, 'nortellso@mac.com', '4', '0903495537', 'scoatene', '095956778', '2004-01-15', 3, 0);
insert into customer (id, name, gender, email, address, phone_number, username, id_card, day_of_birth, customer_type_id, is_delete) values (26, 'Minnnie Christofides', 2, 'mchristofidesp@usa.gov', '68469', '0908113141', 'ssauvano', '573485948', '1982-01-28', 3, 0);
insert into customer (id, name, gender, email, address, phone_number, username, id_card, day_of_birth, customer_type_id, is_delete) values (27, 'Starla Ringe', 2, 'sringeq@bizjournals.com', '09251', '0903917466', 'thradskyq', '697764799', '1988-08-06', 1, 0);
insert into customer (id, name, gender, email, address, phone_number, username, id_card, day_of_birth, customer_type_id, is_delete) values (28, 'Daffie Garrat', 2, 'dgarratr@businessweek.com', '428', '0907766438', 'vkunkel0', '017454883', '1986-03-08', 3, 0);
insert into customer (id, name, gender, email, address, phone_number, username, id_card, day_of_birth, customer_type_id, is_delete) values (29, 'Bettine Paten', 2, 'bpatens@ed.gov', '7605', '0901660604', 'zolliffb', 'wforthi', '1988-07-20', 2, 0);
insert into customer (id, name, gender, email, address, phone_number, username, id_card, day_of_birth, customer_type_id, is_delete) values (30, 'Gardner Couldwell', 2, 'gcouldwellt@reuters.com', '7', '0900383254', 'wkleinhausen2', '742660996', '2003-05-09', 1, 0);


-- add brand
insert into brand (id, name) values (1, 'Plymouth');
insert into brand (id, name) values (2, 'Honda');
insert into brand (id, name) values (3, 'Buick');
insert into brand (id, name) values (4, 'Volvo');
insert into brand (id, name) values (5, 'Mitsubishi');
insert into brand (id, name) values (6, 'Audi');
insert into brand (id, name) values (7, 'Cadillac');
insert into brand (id, name) values (8, 'Dodge');
insert into brand (id, name) values (9, 'Kia');
insert into brand (id, name) values (10, 'Chevrolet');
insert into brand (id, name) values (11, 'Buick');
insert into brand (id, name) values (12, 'Ford');
insert into brand (id, name) values (13, 'Kia');
insert into brand (id, name) values (14, 'Kia');
insert into brand (id, name) values (15, 'Subaru');
insert into brand (id, name) values (16, 'Volkswagen');
insert into brand (id, name) values (17, 'Eagle');
insert into brand (id, name) values (18, 'Isuzu');
insert into brand (id, name) values (19, 'Toyota');
insert into brand (id, name) values (20, 'Dodge');

-- add gear
insert into gear (id, name) values (1, 'AT');
insert into gear (id, name) values (2, 'MT');
insert into gear (id, name) values (3, 'CVT');

-- add car
insert into car (id, name, brand_id, gear_id, color, price, year, designs, number_of_seat, picture) values (1, 'Ram Wagon B350', 19, 3, 'Turquoise', 1, 1994, 'Sweden', 4, 'http://dummyimage.com/194x100.png/5fa2dd/ffffff');
insert into car (id, name, brand_id, gear_id, color, price, year, designs, number_of_seat, picture) values (2, 'Courier', 15, 1, 'Violet', 2, 1987, 'Ethiopia', 6, 'http://dummyimage.com/180x100.png/5fa2dd/ffffff');
insert into car (id, name, brand_id, gear_id, color, price, year, designs, number_of_seat, picture) values (3, 'Freelander', 16, 3, 'Crimson', 3, 2010, 'South Korea', 2, 'http://dummyimage.com/190x100.png/dddddd/000000');
insert into car (id, name, brand_id, gear_id, color, price, year, designs, number_of_seat, picture) values (4, 'Rainier', 11, 3, 'Turquoise', 4, 2005, 'Portugal', 7, 'http://dummyimage.com/237x100.png/dddddd/000000');
insert into car (id, name, brand_id, gear_id, color, price, year, designs, number_of_seat, picture) values (5, 'LaCrosse', 17, 3, 'Mauv', 5, 2007, 'Mexico', 6, 'http://dummyimage.com/143x100.png/5fa2dd/ffffff');
insert into car (id, name, brand_id, gear_id, color, price, year, designs, number_of_seat, picture) values (6, 'XJ Series', 1, 3, 'Crimson', 6, 1992, 'China', 5, 'http://dummyimage.com/100x100.png/dddddd/000000');
insert into car (id, name, brand_id, gear_id, color, price, year, designs, number_of_seat, picture) values (7, 'Prius', 16, 3, 'Yellow', 7, 2009, 'China', 1, 'http://dummyimage.com/164x100.png/ff4444/ffffff');
insert into car (id, name, brand_id, gear_id, color, price, year, designs, number_of_seat, picture) values (8, 'Sky', 1, 1, 'Pink', 8, 2008, 'China', 3, 'http://dummyimage.com/112x100.png/dddddd/000000');
insert into car (id, name, brand_id, gear_id, color, price, year, designs, number_of_seat, picture) values (9, 'Quest', 3, 1, 'Red', 9, 2005, 'Japan', 5, 'http://dummyimage.com/220x100.png/5fa2dd/ffffff');
insert into car (id, name, brand_id, gear_id, color, price, year, designs, number_of_seat, picture) values (10, 'Outlook', 8, 3, 'Mauv', 10, 2010, 'China', 2, 'http://dummyimage.com/229x100.png/cc0000/ffffff');
insert into car (id, name, brand_id, gear_id, color, price, year, designs, number_of_seat, picture) values (11, 'Accord', 5, 3, 'Puce', 11, 1995, 'Lithuania', 6, 'http://dummyimage.com/126x100.png/cc0000/ffffff');
insert into car (id, name, brand_id, gear_id, color, price, year, designs, number_of_seat, picture) values (12, 'SJ', 13, 3, 'Turquoise', 12, 1995, 'China', 5, 'http://dummyimage.com/237x100.png/dddddd/000000');
insert into car (id, name, brand_id, gear_id, color, price, year, designs, number_of_seat, picture) values (13, 'DeVille', 11, 3, 'Blue', 13, 1997, 'Indonesia', 1, 'http://dummyimage.com/126x100.png/cc0000/ffffff');
insert into car (id, name, brand_id, gear_id, color, price, year, designs, number_of_seat, picture) values (14, 'Lucerne', 8, 3, 'Yellow', 14, 2006, 'Philippines', 5, 'http://dummyimage.com/232x100.png/cc0000/ffffff');
insert into car (id, name, brand_id, gear_id, color, price, year, designs, number_of_seat, picture) values (15, 'Taurus', 11, 1, 'Fuscia', 15, 2005, 'Indonesia', 6, 'http://dummyimage.com/121x100.png/cc0000/ffffff');
insert into car (id, name, brand_id, gear_id, color, price, year, designs, number_of_seat, picture) values (16, 'Suburban 1500', 1, 3, 'Fuscia', 16, 2000, 'China', 4, 'http://dummyimage.com/245x100.png/dddddd/000000');
insert into car (id, name, brand_id, gear_id, color, price, year, designs, number_of_seat, picture) values (17, 'Volare', 7, 2, 'Crimson', 17, 1976, 'Czech Republic', 2, 'http://dummyimage.com/233x100.png/cc0000/ffffff');
insert into car (id, name, brand_id, gear_id, color, price, year, designs, number_of_seat, picture) values (18, 'W201', 14, 3, 'Puce', 18, 1990, 'Philippines', 2, 'http://dummyimage.com/145x100.png/ff4444/ffffff');
insert into car (id, name, brand_id, gear_id, color, price, year, designs, number_of_seat, picture) values (19, 'GranSport', 14, 2, 'Fuscia', 19, 2006, 'Czech Republic', 5, 'http://dummyimage.com/141x100.png/dddddd/000000');
insert into car (id, name, brand_id, gear_id, color, price, year, designs, number_of_seat, picture) values (20, 'G-Class', 3, 2, 'Blue', 20, 2009, 'Poland', 6, 'http://dummyimage.com/245x100.png/dddddd/000000');
insert into car (id, name, brand_id, gear_id, color, price, year, designs, number_of_seat, picture) values (21, 'Vandura 2500', 6, 1, 'Puce', 21, 1992, 'China', 2, 'http://dummyimage.com/156x100.png/dddddd/000000');
insert into car (id, name, brand_id, gear_id, color, price, year, designs, number_of_seat, picture) values (22, 'Pajero', 18, 3, 'Orange', 22, 1984, 'Indonesia', 4, 'http://dummyimage.com/130x100.png/cc0000/ffffff');
insert into car (id, name, brand_id, gear_id, color, price, year, designs, number_of_seat, picture) values (23, 'Baja', 17, 1, 'Pink', 23, 2005, 'France', 2, 'http://dummyimage.com/105x100.png/ff4444/ffffff');
insert into car (id, name, brand_id, gear_id, color, price, year, designs, number_of_seat, picture) values (24, 'L300', 3, 1, 'Fuscia', 24, 1987, 'Bulgaria', 7, 'http://dummyimage.com/153x100.png/ff4444/ffffff');
insert into car (id, name, brand_id, gear_id, color, price, year, designs, number_of_seat, picture) values (25, 'DBS', 17, 3, 'Maroon', 25, 2009, 'China', 1, 'http://dummyimage.com/200x100.png/5fa2dd/ffffff');
insert into car (id, name, brand_id, gear_id, color, price, year, designs, number_of_seat, picture) values (26, 'T100', 17, 2, 'Red', 26, 1993, 'Cayman Islands', 4, 'http://dummyimage.com/211x100.png/5fa2dd/ffffff');
insert into car (id, name, brand_id, gear_id, color, price, year, designs, number_of_seat, picture) values (27, 'M-Class', 5, 2, 'Yellow', 27, 2005, 'Thailand', 3, 'http://dummyimage.com/243x100.png/5fa2dd/ffffff');
insert into car (id, name, brand_id, gear_id, color, price, year, designs, number_of_seat, picture) values (28, 'Park Avenue', 9, 1, 'Teal', 28, 2004, 'Ukraine', 7, 'http://dummyimage.com/210x100.png/cc0000/ffffff');
insert into car (id, name, brand_id, gear_id, color, price, year, designs, number_of_seat, picture) values (29, 'SLK-Class', 20, 3, 'Mauv', 29, 2011, 'Philippines', 7, 'http://dummyimage.com/220x100.png/dddddd/000000');
insert into car (id, name, brand_id, gear_id, color, price, year, designs, number_of_seat, picture) values (30, 'MKS', 14, 1, 'Orange', 30, 2012, 'Brazil', 3, 'http://dummyimage.com/205x100.png/dddddd/000000');
insert into car (id, name, brand_id, gear_id, color, price, year, designs, number_of_seat, picture) values (31, 'SL-Class', 14, 2, 'Fuscia', 31, 1989, 'Azerbaijan', 5, 'http://dummyimage.com/247x100.png/cc0000/ffffff');
insert into car (id, name, brand_id, gear_id, color, price, year, designs, number_of_seat, picture) values (32, 'Tahoe', 18, 1, 'Aquamarine', 32, 2013, 'China', 6, 'http://dummyimage.com/102x100.png/dddddd/000000');
insert into car (id, name, brand_id, gear_id, color, price, year, designs, number_of_seat, picture) values (33, 'S60', 3, 3, 'Red', 33, 2009, 'South Africa', 3, 'http://dummyimage.com/160x100.png/dddddd/000000');
insert into car (id, name, brand_id, gear_id, color, price, year, designs, number_of_seat, picture) values (34, 'B-Series Plus', 17, 1, 'Goldenrod', 34, 1996, 'Ukraine', 3, 'http://dummyimage.com/157x100.png/ff4444/ffffff');
insert into car (id, name, brand_id, gear_id, color, price, year, designs, number_of_seat, picture) values (35, 'Silverado 2500', 9, 3, 'Mauv', 35, 2002, 'Cameroon', 1, 'http://dummyimage.com/195x100.png/ff4444/ffffff');
insert into car (id, name, brand_id, gear_id, color, price, year, designs, number_of_seat, picture) values (36, 'Sidekick', 8, 3, 'Khaki', 36, 1989, 'China', 2, 'http://dummyimage.com/129x100.png/ff4444/ffffff');
insert into car (id, name, brand_id, gear_id, color, price, year, designs, number_of_seat, picture) values (37, 'Civic', 12, 3, 'Aquamarine', 37, 2009, 'China', 1, 'http://dummyimage.com/116x100.png/ff4444/ffffff');
insert into car (id, name, brand_id, gear_id, color, price, year, designs, number_of_seat, picture) values (38, 'RX-8', 11, 2, 'Blue', 38, 2008, 'Brazil', 4, 'http://dummyimage.com/207x100.png/ff4444/ffffff');
insert into car (id, name, brand_id, gear_id, color, price, year, designs, number_of_seat, picture) values (39, 'Discovery Series II', 18, 1, 'Purple', 39, 2001, 'Sweden', 3, 'http://dummyimage.com/184x100.png/dddddd/000000');
insert into car (id, name, brand_id, gear_id, color, price, year, designs, number_of_seat, picture) values (40, 'E250', 20, 2, 'Goldenrod', 40, 1984, 'Poland', 3, 'http://dummyimage.com/106x100.png/cc0000/ffffff');
insert into car (id, name, brand_id, gear_id, color, price, year, designs, number_of_seat, picture) values (41, 'SJ', 16, 2, 'Green', 41, 1991, 'Russia', 4, 'http://dummyimage.com/195x100.png/cc0000/ffffff');
insert into car (id, name, brand_id, gear_id, color, price, year, designs, number_of_seat, picture) values (42, 'RAV4', 1, 2, 'Aquamarine', 42, 1996, 'Russia', 4, 'http://dummyimage.com/162x100.png/cc0000/ffffff');
insert into car (id, name, brand_id, gear_id, color, price, year, designs, number_of_seat, picture) values (43, 'Pajero', 13, 1, 'Red', 43, 1987, 'Ghana', 1, 'http://dummyimage.com/211x100.png/dddddd/000000');
insert into car (id, name, brand_id, gear_id, color, price, year, designs, number_of_seat, picture) values (44, 'Entourage', 18, 1, 'Violet', 44, 2008, 'Brazil', 1, 'http://dummyimage.com/201x100.png/dddddd/000000');
insert into car (id, name, brand_id, gear_id, color, price, year, designs, number_of_seat, picture) values (45, 'Rodeo', 12, 3, 'Purple', 45, 1994, 'Uruguay', 6, 'http://dummyimage.com/223x100.png/5fa2dd/ffffff');
insert into car (id, name, brand_id, gear_id, color, price, year, designs, number_of_seat, picture) values (46, 'Jetta', 6, 2, 'Indigo', 46, 2012, 'South Korea', 2, 'http://dummyimage.com/133x100.png/ff4444/ffffff');
insert into car (id, name, brand_id, gear_id, color, price, year, designs, number_of_seat, picture) values (47, 'Grand Caravan', 19, 3, 'Turquoise', 47, 1994, 'Indonesia', 4, 'http://dummyimage.com/189x100.png/cc0000/ffffff');
insert into car (id, name, brand_id, gear_id, color, price, year, designs, number_of_seat, picture) values (48, 'M6', 8, 2, 'Purple', 48, 2010, 'Syria', 6, 'http://dummyimage.com/110x100.png/dddddd/000000');
insert into car (id, name, brand_id, gear_id, color, price, year, designs, number_of_seat, picture) values (49, 'Outlook', 20, 1, 'Green', 49, 2007, 'France', 4, 'http://dummyimage.com/110x100.png/5fa2dd/ffffff');
insert into car (id, name, brand_id, gear_id, color, price, year, designs, number_of_seat, picture) values (50, 'Continental', 17, 3, 'Khaki', 50, 2007, 'China', 7, 'http://dummyimage.com/193x100.png/dddddd/000000');
insert into car (id, name, brand_id, gear_id, color, price, year, designs, number_of_seat, picture) values (51, 'Outlook', 11, 1, 'Goldenrod', 51, 2007, 'China', 6, 'http://dummyimage.com/216x100.png/cc0000/ffffff');
insert into car (id, name, brand_id, gear_id, color, price, year, designs, number_of_seat, picture) values (52, 'Grand Vitara', 16, 3, 'Violet', 52, 2007, 'China', 2, 'http://dummyimage.com/187x100.png/dddddd/000000');
insert into car (id, name, brand_id, gear_id, color, price, year, designs, number_of_seat, picture) values (53, 'EXP', 13, 3, 'Blue', 53, 1988, 'Philippines', 3, 'http://dummyimage.com/167x100.png/dddddd/000000');
insert into car (id, name, brand_id, gear_id, color, price, year, designs, number_of_seat, picture) values (54, 'Ciera', 7, 1, 'Puce', 54, 1996, 'Russia', 6, 'http://dummyimage.com/102x100.png/5fa2dd/ffffff');
insert into car (id, name, brand_id, gear_id, color, price, year, designs, number_of_seat, picture) values (55, 'A4', 14, 3, 'Khaki', 55, 2000, 'Ukraine', 1, 'http://dummyimage.com/167x100.png/5fa2dd/ffffff');
insert into car (id, name, brand_id, gear_id, color, price, year, designs, number_of_seat, picture) values (56, 'Azure T', 17, 1, 'Blue', 56, 2010, 'Indonesia', 7, 'http://dummyimage.com/228x100.png/dddddd/000000');
insert into car (id, name, brand_id, gear_id, color, price, year, designs, number_of_seat, picture) values (57, 'Sebring', 7, 2, 'Khaki', 57, 2009, 'Philippines', 7, 'http://dummyimage.com/197x100.png/cc0000/ffffff');
insert into car (id, name, brand_id, gear_id, color, price, year, designs, number_of_seat, picture) values (58, 'E-Series', 2, 2, 'Green', 58, 1991, 'Ireland', 5, 'http://dummyimage.com/161x100.png/dddddd/000000');
insert into car (id, name, brand_id, gear_id, color, price, year, designs, number_of_seat, picture) values (59, 'B-Series Plus', 14, 2, 'Aquamarine', 59, 1993, 'Finland', 4, 'http://dummyimage.com/188x100.png/dddddd/000000');
insert into car (id, name, brand_id, gear_id, color, price, year, designs, number_of_seat, picture) values (60, 'RS4', 9, 1, 'Green', 60, 2008, 'Sweden', 1, 'http://dummyimage.com/161x100.png/dddddd/000000');
insert into car (id, name, brand_id, gear_id, color, price, year, designs, number_of_seat, picture) values (61, 'Santa Fe', 20, 2, 'Crimson', 61, 2005, 'Myanmar', 7, 'http://dummyimage.com/230x100.png/cc0000/ffffff');
insert into car (id, name, brand_id, gear_id, color, price, year, designs, number_of_seat, picture) values (62, 'C/V', 10, 2, 'Green', 62, 2012, 'China', 2, 'http://dummyimage.com/220x100.png/cc0000/ffffff');
insert into car (id, name, brand_id, gear_id, color, price, year, designs, number_of_seat, picture) values (63, 'Tucson', 3, 1, 'Pink', 63, 2012, 'Egypt', 2, 'http://dummyimage.com/226x100.png/cc0000/ffffff');
insert into car (id, name, brand_id, gear_id, color, price, year, designs, number_of_seat, picture) values (64, 'X5', 7, 1, 'Turquoise', 64, 2008, 'Uruguay', 3, 'http://dummyimage.com/220x100.png/5fa2dd/ffffff');
insert into car (id, name, brand_id, gear_id, color, price, year, designs, number_of_seat, picture) values (65, '2500', 3, 1, 'Turquoise', 65, 1997, 'China', 5, 'http://dummyimage.com/174x100.png/dddddd/000000');
insert into car (id, name, brand_id, gear_id, color, price, year, designs, number_of_seat, picture) values (66, 'Forester', 15, 2, 'Maroon', 66, 2007, 'Colombia', 1, 'http://dummyimage.com/230x100.png/ff4444/ffffff');
insert into car (id, name, brand_id, gear_id, color, price, year, designs, number_of_seat, picture) values (67, 'A6', 1, 3, 'Aquamarine', 67, 2011, 'Honduras', 7, 'http://dummyimage.com/191x100.png/ff4444/ffffff');
insert into car (id, name, brand_id, gear_id, color, price, year, designs, number_of_seat, picture) values (68, 'Chariot', 17, 2, 'Green', 68, 1987, 'United States', 6, 'http://dummyimage.com/165x100.png/dddddd/000000');
insert into car (id, name, brand_id, gear_id, color, price, year, designs, number_of_seat, picture) values (69, 'GS', 16, 3, 'Pink', 69, 1993, 'Indonesia', 2, 'http://dummyimage.com/165x100.png/5fa2dd/ffffff');
insert into car (id, name, brand_id, gear_id, color, price, year, designs, number_of_seat, picture) values (70, 'Daewoo Lacetti', 19, 1, 'Green', 70, 2006, 'United Kingdom', 1, 'http://dummyimage.com/115x100.png/5fa2dd/ffffff');
insert into car (id, name, brand_id, gear_id, color, price, year, designs, number_of_seat, picture) values (71, 'CR-V', 10, 3, 'Mauv', 71, 1998, 'Finland', 5, 'http://dummyimage.com/230x100.png/dddddd/000000');
insert into car (id, name, brand_id, gear_id, color, price, year, designs, number_of_seat, picture) values (72, 'Allroad', 18, 3, 'Purple', 72, 2003, 'Thailand', 3, 'http://dummyimage.com/150x100.png/dddddd/000000');
insert into car (id, name, brand_id, gear_id, color, price, year, designs, number_of_seat, picture) values (73, 'Mustang', 3, 3, 'Orange', 73, 1969, 'Thailand', 6, 'http://dummyimage.com/204x100.png/dddddd/000000');
insert into car (id, name, brand_id, gear_id, color, price, year, designs, number_of_seat, picture) values (74, 'B-Series Plus', 6, 2, 'Blue', 74, 2003, 'Philippines', 5, 'http://dummyimage.com/138x100.png/cc0000/ffffff');
insert into car (id, name, brand_id, gear_id, color, price, year, designs, number_of_seat, picture) values (75, 'Corolla', 9, 2, 'Green', 75, 1996, 'Brazil', 5, 'http://dummyimage.com/125x100.png/5fa2dd/ffffff');
insert into car (id, name, brand_id, gear_id, color, price, year, designs, number_of_seat, picture) values (76, 'Sonata', 7, 2, 'Violet', 76, 2002, 'Dominican Republic', 7, 'http://dummyimage.com/143x100.png/cc0000/ffffff');
insert into car (id, name, brand_id, gear_id, color, price, year, designs, number_of_seat, picture) values (77, 'Pathfinder', 17, 3, 'Violet', 77, 2000, 'United States', 6, 'http://dummyimage.com/159x100.png/cc0000/ffffff');
insert into car (id, name, brand_id, gear_id, color, price, year, designs, number_of_seat, picture) values (78, 'Z4', 15, 3, 'Teal', 78, 2006, 'Indonesia', 6, 'http://dummyimage.com/175x100.png/cc0000/ffffff');
insert into car (id, name, brand_id, gear_id, color, price, year, designs, number_of_seat, picture) values (79, 'Quattroporte', 19, 3, 'Crimson', 79, 2012, 'Malawi', 4, 'http://dummyimage.com/103x100.png/cc0000/ffffff');
insert into car (id, name, brand_id, gear_id, color, price, year, designs, number_of_seat, picture) values (80, 'Frontier', 1, 3, 'Khaki', 80, 2012, 'Ecuador', 6, 'http://dummyimage.com/196x100.png/cc0000/ffffff');
insert into car (id, name, brand_id, gear_id, color, price, year, designs, number_of_seat, picture) values (81, 'Sienna', 13, 3, 'Yellow', 81, 2003, 'Thailand', 4, 'http://dummyimage.com/250x100.png/cc0000/ffffff');
insert into car (id, name, brand_id, gear_id, color, price, year, designs, number_of_seat, picture) values (82, 'Tahoe', 11, 3, 'Blue', 82, 2002, 'Haiti', 4, 'http://dummyimage.com/213x100.png/ff4444/ffffff');
insert into car (id, name, brand_id, gear_id, color, price, year, designs, number_of_seat, picture) values (83, 'Sedona', 1, 3, 'Puce', 83, 2009, 'Ireland', 6, 'http://dummyimage.com/221x100.png/dddddd/000000');
insert into car (id, name, brand_id, gear_id, color, price, year, designs, number_of_seat, picture) values (84, 'Ram Wagon B150', 10, 3, 'Blue', 84, 1992, 'Philippines', 4, 'http://dummyimage.com/247x100.png/cc0000/ffffff');
insert into car (id, name, brand_id, gear_id, color, price, year, designs, number_of_seat, picture) values (85, 'VUE', 19, 1, 'Indigo', 85, 2009, 'Armenia', 6, 'http://dummyimage.com/216x100.png/ff4444/ffffff');
insert into car (id, name, brand_id, gear_id, color, price, year, designs, number_of_seat, picture) values (86, 'CR-V', 3, 1, 'Pink', 86, 2005, 'Portugal', 5, 'http://dummyimage.com/160x100.png/5fa2dd/ffffff');
insert into car (id, name, brand_id, gear_id, color, price, year, designs, number_of_seat, picture) values (87, 'Endeavor', 20, 3, 'Orange', 87, 2004, 'Bolivia', 7, 'http://dummyimage.com/154x100.png/ff4444/ffffff');
insert into car (id, name, brand_id, gear_id, color, price, year, designs, number_of_seat, picture) values (88, 'Corvette', 19, 3, 'Purple', 88, 1956, 'United Kingdom', 3, 'http://dummyimage.com/237x100.png/ff4444/ffffff');
insert into car (id, name, brand_id, gear_id, color, price, year, designs, number_of_seat, picture) values (89, 'DTS', 2, 1, 'Mauv', 89, 2009, 'Russia', 3, 'http://dummyimage.com/110x100.png/ff4444/ffffff');
insert into car (id, name, brand_id, gear_id, color, price, year, designs, number_of_seat, picture) values (90, '280ZX', 7, 3, 'Crimson', 90, 1979, 'Afghanistan', 5, 'http://dummyimage.com/111x100.png/ff4444/ffffff');
insert into car (id, name, brand_id, gear_id, color, price, year, designs, number_of_seat, picture) values (91, 'Eos', 17, 1, 'Orange', 91, 2007, 'Croatia', 2, 'http://dummyimage.com/150x100.png/5fa2dd/ffffff');
insert into car (id, name, brand_id, gear_id, color, price, year, designs, number_of_seat, picture) values (92, 'E250', 11, 2, 'Yellow', 92, 2011, 'Honduras', 1, 'http://dummyimage.com/193x100.png/5fa2dd/ffffff');
insert into car (id, name, brand_id, gear_id, color, price, year, designs, number_of_seat, picture) values (93, 'RX', 16, 3, 'Orange', 93, 2005, 'Norway', 3, 'http://dummyimage.com/131x100.png/cc0000/ffffff');
insert into car (id, name, brand_id, gear_id, color, price, year, designs, number_of_seat, picture) values (94, '3500', 13, 1, 'Blue', 94, 1997, 'Iran', 1, 'http://dummyimage.com/228x100.png/5fa2dd/ffffff');
insert into car (id, name, brand_id, gear_id, color, price, year, designs, number_of_seat, picture) values (95, 'Aventador', 11, 1, 'Green', 95, 2012, 'Indonesia', 4, 'http://dummyimage.com/136x100.png/ff4444/ffffff');
insert into car (id, name, brand_id, gear_id, color, price, year, designs, number_of_seat, picture) values (96, 'F150', 3, 1, 'Fuscia', 96, 1984, 'China', 6, 'http://dummyimage.com/203x100.png/ff4444/ffffff');
insert into car (id, name, brand_id, gear_id, color, price, year, designs, number_of_seat, picture) values (97, 'Suburban 1500', 7, 2, 'Purple', 97, 2001, 'Thailand', 3, 'http://dummyimage.com/213x100.png/cc0000/ffffff');
insert into car (id, name, brand_id, gear_id, color, price, year, designs, number_of_seat, picture) values (98, 'MR2', 20, 2, 'Goldenrod', 98, 1993, 'China', 1, 'http://dummyimage.com/247x100.png/dddddd/000000');
insert into car (id, name, brand_id, gear_id, color, price, year, designs, number_of_seat, picture) values (99, 'F350', 4, 2, 'Puce', 99, 2006, 'Japan', 5, 'http://dummyimage.com/125x100.png/5fa2dd/ffffff');
insert into car (id, name, brand_id, gear_id, color, price, year, designs, number_of_seat, picture) values (100, 'Freestar', 8, 2, 'Blue', 100, 2007, 'Norway', 7, 'http://dummyimage.com/185x100.png/5fa2dd/ffffff');
